"id","length","latency"
"t38",280.883779170737,0
"t53",128.630246631781,0
"t73",193.594872992389,0
"t80",22.2783741617608,0
"t82",77.5879347225543,0
"t40",364.078200351094,0
"t9",335.706023784766,0
"t48",27.0239907131613,0
"t35",161.192083038168,0
"t99",28.3380991152565,0
"t3",4.233319597329,0
"t14",67.5823417856645,0
"t91",147.206995689891,0
"t75",20.2539390058425,0
"t56",360.906026601979,0
"t12",97.1226814901565,0
"t13",154.786821413255,0
"t7",135.975318005368,0
"t58",86.9141181549053,0
"t63",53.0299297316078,0
"t47",120.657922220325,0
"t32",74.6544429727878,0
"t89",81.3405247837554,0
"t64",53.455796148246,0
"t49",141.178714481985,0
"t88",28.0100033673093,0
"t11",203.296363845561,0
"t28",81.9095193578805,0
"t19",366.238241147192,0
"t74",286.57142068954,0
"t85",117.752902805466,0
"t66",11.6854345938436,0
"t26",122.682564940419,0
"t95",484.202054543268,0
"t78",5.64449501386844,0
"t52",21.3367531882855,0
"t29",22.3867808326158,0
"t93",33.3124163829348,0
"t16",154.447357646345,0
"t94",149.323782673577,0
"t34",141.461449808192,0
"t83",154.350285430939,0
"t1",145.010793391052,0
"t15",385.890334558651,0
"t54",403.589201033738,0
"t24",192.482248572521,0
"t71",124.960475224393,0
"t27",67.7033538669175,0
"t70",159.556823394434,0
"t81",654.387105449312,0
"id","length","latency"
"t92",49.9307629602882,0
"t41",570.366777707287,0
"t5",48.7519279522265,0
"t90",115.076304907865,0
"t26",101.519779747472,0
"t67",153.081549970728,0
"t89",45.8769940056195,0
"t8",115.813927554815,0
"t15",83.1728065810182,0
"t23",147.83060854905,0
"t14",84.6383821290822,0
"t36",17.5929582983795,0
"t6",106.373243366604,0
"t50",179.649751898205,0
"t11",6.0367008717003,0
"t98",120.978893217286,0
"t22",2.0217069791438,0
"t45",42.2115146549245,0
"t100",5.42520579066513,0
"t86",23.3196844543741,0
"t60",149.436358621541,0
"t88",19.6076872154131,0
"t20",106.212958762339,0
"t40",200.986328184164,0
"t49",41.9335232908052,0
"t3",51.8237446906933,0
"t12",35.9444486607831,0
"t99",10.1281083854178,0
"t44",71.3411289824994,0
"t7",17.9675496769187,0
"t51",149.066781940604,0
"t93",112.53600841371,0
"t27",15.5080435911736,0
"t21",40.1869108772548,0
"t68",374.694612579068,0
"t59",51.3824269313618,0
"t24",53.3940042512709,0
"t87",19.0305564082828,0
"t85",182.958998386695,0
"t17",430.659712048093,0
"t61",179.501873850221,0
"t82",286.458860757746,0
"t42",224.579168980549,0
"t69",35.5895046730011,0
"t83",215.036866591634,0
"t38",317.036389315449,0
"t1",273.394470997789,0
"t25",198.743178294792,0
"t18",337.312485780972,0
"t28",333.835522671585,0
"id","length","latency"
"t12",0.915434271917434,0
"t90",9.0099220920265,0
"t6",111.224957822794,0
"t69",2.68939768959922,0
"t3",11.6903263199798,0
"t86",384.560439140033,0
"t83",28.729312261655,0
"t28",13.9172860109696,0
"t71",35.0434934816168,0
"t18",139.920086939189,0
"t47",51.8238437232905,0
"t43",67.1024653875842,0
"t20",123.768009121238,0
"t31",81.7760637434004,0
"t54",94.0746851578004,0
"t14",114.376083040833,0
"t19",102.052956756643,0
"t91",90.288844490946,0
"t57",37.2320955168295,0
"t37",99.408831368945,0
"t5",259.315086384853,0
"t50",165.584330775853,0
"t92",79.0096103283809,0
"t70",12.6805415657266,0
"t73",247.834240428113,0
"t95",25.0148302602474,0
"t11",58.48547708007,0
"t27",0.725215643499951,0
"t44",88.9210052499957,0
"t56",397.140593694994,0
"t30",241.04819318018,0
"t7",80.5365220481385,0
"t88",53.5385356606366,0
"t13",62.2542944893764,0
"t63",122.216657252322,0
"t17",115.789178321864,0
"t66",127.699201724791,0
"t4",153.497158664288,0
"t64",71.2759461140172,0
"t85",362.052001575985,0
"t15",256.269832977059,0
"t82",178.741139951081,0
"t25",191.504572071651,0
"t100",201.613145372436,0
"t81",211.029093611332,0
"t52",0.745221311179421,0
"t36",381.975654674169,0
"t1",188.67853913051,0
"t74",234.404232642784,0
"t33",269.989329019778,0
"id","length","latency"
"t83",111.570846916759,0
"t91",132.825460837808,0
"t66",28.5784091215122,0
"t90",12.558403790636,0
"t50",25.2548903547138,0
"t52",47.3351265899676,0
"t99",32.5266446536084,0
"t96",270.471635581921,0
"t8",89.6458303113277,0
"t100",39.8785244274243,0
"t38",25.0526922722984,0
"t55",124.300971956823,0
"t88",2.81773271416205,0
"t21",11.8234044366654,0
"t10",23.8951676034699,0
"t45",29.967924878556,0
"t39",69.6020120318221,0
"t14",119.856459653126,0
"t58",36.7490129496655,0
"t54",7.71813587285033,0
"t15",66.3747206419803,0
"t22",20.4457551493051,0
"t20",164.86859455493,0
"t79",150.686947394178,0
"t56",54.9187957271174,0
"t29",98.4585794173113,0
"t19",70.5727315331419,0
"t23",164.840438663096,0
"t16",31.615583688646,0
"t51",37.1361334284843,0
"t71",181.187545189245,0
"t93",126.032340048024,0
"t12",104.350400655546,0
"t24",407.795175367841,0
"t86",116.507996245683,0
"t32",398.211980909498,0
"t80",52.8494123424393,0
"t77",28.833517015471,0
"t31",185.189019783365,0
"t3",157.58449569382,0
"t33",84.4969011812382,0
"t92",58.9317873573877,0
"t57",184.335571139442,0
"t7",16.9292042454554,0
"t59",425.959492607426,0
"t97",20.0824732236597,0
"t35",94.5040927189107,0
"t74",99.1789096884222,0
"t13",27.0067534035743,0
"t46",226.365287435514,0
"id","length","latency"
"t82",30.9727858299076,0
"t18",169.541863831951,0
"t45",173.133823303933,0
"t75",428.984555765249,0
"t24",196.140672379674,0
"t77",34.9149201522205,0
"t90",3.41220604499927,0
"t57",87.0363236035057,0
"t32",106.116743336941,0
"t72",147.771159547458,0
"t37",169.719791158572,0
"t88",0.601288076190031,0
"t80",39.0196787839527,0
"t94",41.9812814741404,0
"t4",36.5343749260978,0
"t50",186.070614455208,0
"t22",17.8753028093074,0
"t31",321.298942667384,0
"t27",62.6103679343032,0
"t62",115.551190522512,0
"t48",345.879433360815,0
"t55",76.9605350345246,0
"t87",147.811196514159,0
"t49",231.963231059133,0
"t91",43.6439639330047,0
"t53",372.6673746842,0
"t6",21.7367181156792,0
"t92",11.224188927295,0
"t20",63.5131934591809,0
"t68",36.4213917462671,0
"t63",163.175100168115,0
"t64",181.970469559146,0
"t13",32.9446997812224,0
"t99",83.9487646667326,0
"t33",333.666327967897,0
"t35",168.439358540952,0
"t97",15.8287401790335,0
"t96",116.408724710912,0
"t52",133.59505941376,0
"t51",35.7768916736659,0
"t26",32.1374137306211,0
"t25",415.539562863636,0
"t84",253.52873711263,0
"t93",166.722432143772,0
"t21",18.0878321733967,0
"t7",111.264078805912,0
"t19",39.9494607703659,0
"t1",159.082378734777,0
"t29",128.828015279376,0
"t61",206.633013505348,0
"id","length","latency"
"t42",1.74020918967238,0
"t16",154.223711038529,0
"t58",125.279563051751,0
"t79",21.2779956999063,0
"t7",67.7266053198789,0
"t18",47.5477384593804,0
"t53",221.620315292926,0
"t32",142.823856265942,0
"t63",2.40398513531181,0
"t87",176.82499013752,0
"t95",2.57306527845356,0
"t1",3.31896805549604,0
"t64",276.89518635541,0
"t66",146.525739557353,0
"t49",137.460760895709,0
"t73",146.296798601232,0
"t33",15.0515770224629,0
"t78",56.8497752673363,0
"t12",78.0813163408354,0
"t30",379.004888295342,0
"t28",6.93436216091027,0
"t59",26.0265063964619,0
"t100",150.055684503492,0
"t8",102.792254645154,0
"t93",194.052334481421,0
"t83",81.3579265897483,0
"t68",200.116629848914,0
"t84",95.0362179945134,0
"t38",222.045560794726,0
"t56",588.342099287691,0
"t71",287.138782121237,0
"t88",165.722478269929,0
"t35",67.535205499682,0
"t74",78.7005208133646,0
"t10",180.355283598347,0
"t20",72.3553659021043,0
"t4",64.4501853799004,0
"t29",55.841836004568,0
"t96",25.1023672741417,0
"t48",266.94969928012,0
"t72",71.5628762677241,0
"t37",31.6703749142121,0
"t81",164.748605187962,0
"t22",99.2055978407911,0
"t24",129.665908817486,0
"t62",31.470185732999,0
"t51",267.052977849787,0
"t54",34.2476137388676,0
"t45",91.7855416263144,0
"t15",302.871555844221,0
"id","length","latency"
"t20",5.20288106524922,0
"t21",46.7900903283771,0
"t72",37.3556275451112,0
"t94",129.64053376***REMOVED***,0
"t54",69.2410885405408,0
"t98",325.572365864645,0
"t99",42.1239868900432,0
"t49",85.5323519360501,0
"t97",39.6211061224933,0
"t63",250.475752580089,0
"t32",39.5733313610795,0
"t89",358.902234277688,0
"t38",1.68366755000602,0
"t51",13.7775833075357,0
"t86",113.274339403908,0
"t3",23.7345834839241,0
"t50",115.295813588153,0
"t27",301.874119636223,0
"t58",316.387885877994,0
"t96",44.4736013743591,0
"t78",218.234522430469,0
"t6",139.035074964459,0
"t55",114.991291579788,0
"t46",280.426927839,0
"t40",12.2773050319743,0
"t90",124.916822113227,0
"t74",119.920148892855,0
"t91",80.6847623904769,0
"t29",55.2850134813498,0
"t44",143.679719450621,0
"t70",25.1463735520856,0
"t61",661.16008173289,0
"t81",125.537495659924,0
"t37",142.902909508296,0
"t15",1.47397905142998,0
"t36",26.1944661271996,0
"t75",142.246693963492,0
"t76",297.617672384172,0
"t19",157.207870377338,0
"t11",26.7785833025941,0
"t84",29.8765838730537,0
"t4",168.58553188442,0
"t12",48.7507659770599,0
"t67",51.1822287758932,0
"t83",379.790816146334,0
"t92",682.949130779645,0
"t60",18.858990404754,0
"t88",135.627145577428,0
"t16",208.586420058906,0
"t85",101.929234988662,0
"id","length","latency"
"t20",548.071072793884,0
"t95",261.270662380476,0
"t25",37.0085064528274,0
"t53",117.239090978142,0
"t45",112.131474544853,0
"t84",168.885288948432,0
"t57",63.9449074065633,0
"t72",136.750813694864,0
"t87",429.412957283756,0
"t82",117.259930848214,0
"t31",27.7470774925578,0
"t42",132.366925910089,0
"t94",30.1045765708459,0
"t26",4.86446962148921,0
"t79",107.158197000768,0
"t71",70.3950364728571,0
"t29",48.0994851657219,0
"t54",121.790310118611,0
"t77",30.9853031210932,0
"t11",28.9833517483216,0
"t3",169.912301110565,0
"t13",108.644278437603,0
"t65",4.06038554708766,0
"t38",165.783501180755,0
"t76",5.28389746127823,0
"t15",266.709560349925,0
"t64",69.6009888067433,0
"t66",56.6107447066197,0
"t59",15.1100169076394,0
"t97",73.028140069358,0
"t44",242.054126932414,0
"t51",82.7339876332617,0
"t88",64.193216389664,0
"t50",123.650714537753,0
"t9",218.118469447559,0
"t83",164.675204911152,0
"t12",212.173687652557,0
"t1",392.941360237675,0
"t35",95.8834002517256,0
"t58",234.102450880187,0
"t74",553.14230892707,0
"t96",308.258931941042,0
"t89",253.168720793519,0
"t34",463.91495502827,0
"t24",148.217558250189,0
"t27",191.625432167311,0
"t30",251.311289840146,0
"t55",296.416759903248,0
"t85",212.208537492143,0
"t63",268.159168284305,0
"id","length","latency"
"t9",479.338626657383,0
"t55",235.129703465495,0
"t28",328.955946125253,0
"t27",30.2095615765713,0
"t7",30.6868127542234,0
"t79",338.106297145226,0
"t37",509.47910532169,0
"t29",31.3938321129965,0
"t8",95.2271687798466,0
"t74",73.3787918660373,0
"t25",551.631170908926,0
"t16",350.572425721621,0
"t46",417.689594951084,0
"t76",1.04611814573673,0
"t82",22.5152856481461,0
"t54",71.2097337871608,0
"t1",16.9464992048634,0
"t57",194.234065583518,0
"t73",174.314591583679,0
"t20",446.83479434435,0
"t19",16.2987036367085,0
"t14",162.78687230232,0
"t94",148.165704094046,0
"t90",231.471654963043,0
"t32",122.482626566072,0
"t50",28.2884066938705,0
"t81",131.175792844167,0
"t22",191.654181457871,0
"t48",291.944414716916,0
"t4",255.398304349903,0
"t42",19.0619703823063,0
"t13",67.1467146014757,0
"t53",80.771276081462,0
"t33",34.3029822753579,0
"t63",35.2585470279846,0
"t47",89.9714634053721,0
"t92",295.723947397872,0
"t59",107.217981734917,0
"t38",123.059552197696,0
"t35",24.4336937784055,0
"t45",60.3888508455284,0
"t40",125.041567416741,0
"t41",168.036019930985,0
"t15",200.144801537185,0
"t56",129.630843589737,0
"t11",184.317114870374,0
"t36",329.164221552288,0
"t30",251.29090683918,0
"t12",423.125684158897,0
"t93",206.979545626075,0
"id","length","latency"
"t56",260.680776757267,0
"t50",64.6213084604852,0
"t45",15.4129785759195,0
"t18",45.6315416104804,0
"t51",150.775630278523,0
"t41",95.7138915138135,0
"t59",220.43958342717,0
"t27",220.733648622754,0
"t98",86.7328557425798,0
"t7",147.793262243348,0
"t46",84.9240680181458,0
"t44",107.848816655158,0
"t49",542.419477332141,0
"t35",182.296923671043,0
"t33",81.5725728904679,0
"t95",13.9931198727237,0
"t6",125.950764093384,0
"t87",349.230749344699,0
"t52",170.376656148775,0
"t16",129.781664868908,0
"t99",18.3793630092071,0
"t60",19.2990041441867,0
"t78",71.4736797113133,0
"t75",56.0792630759522,0
"t8",68.364658878784,0
"t34",261.945961379272,0
"t42",23.6777329913182,0
"t93",17.9722975010975,0
"t89",258.503938716532,0
"t96",29.0819581605415,0
"t30",480.476635741501,0
"t4",1.71222840906489,0
"t43",19.8497504200077,0
"t31",124.529914960552,0
"t57",30.4724715869856,0
"t82",70.9998369928398,0
"t71",11.9420671461971,0
"t10",1.21103730440564,0
"t58",78.1216982821256,0
"t63",118.158117384497,0
"t94",158.204127347644,0
"t40",141.800912535593,0
"t55",59.4409741762101,0
"t54",231.473281221449,0
"t26",358.182026470326,0
"t38",318.862109267448,0
"t13",239.260756384119,0
"t64",243.408660541365,0
"t74",232.405143027324,0
"t85",287.816768310049,0
"id","length","latency"
"t15",30.4961570918126,0
"t8",122.597736727604,0
"t38",45.1668281361565,0
"t98",91.9072041083114,0
"t2",143.531082657326,0
"t22",13.3533609175481,0
"t23",28.8628916312348,0
"t12",2.34646935231103,0
"t86",9.62114172786141,0
"t82",54.4643880749529,0
"t79",21.4686620873547,0
"t20",24.6189391971593,0
"t62",17.1225395043493,0
"t36",47.7810362092143,0
"t92",4.81221971752529,0
"t41",138.503440646022,0
"t50",123.276035511746,0
"t67",104.591992549487,0
"t45",10.4204405989019,0
"t43",14.5055277844822,0
"t17",14.8897145894582,0
"t10",0.361645115367992,0
"t30",133.231767851683,0
"t25",53.6355718258928,0
"t91",40.4065392858238,0
"t95",165.423787215201,0
"t68",112.27032982112,0
"t75",69.2312558662593,0
"t46",126.401102005319,0
"t58",6.28282326875296,0
"t33",245.800100339316,0
"t35",150.817312965869,0
"t42",80.9075034157277,0
"t13",98.8617647375995,0
"t39",15.6729905756442,0
"t87",28.8408272801043,0
"t51",230.216181244484,0
"t61",284.932048001287,0
"t7",421.642026016141,0
"t76",70.6620981689116,0
"t88",127.458055579684,0
"t96",371.121189403643,0
"t11",138.211407789686,0
"t89",344.387280190609,0
"t66",234.940701732725,0
"t55",288.901888180868,0
"t9",144.203772641074,0
"t3",11.5852180875822,0
"t100",329.180825435239,0
"t70",9.66343266604827,0
"id","length","latency"
"t47",26.8629308551279,0
"t75",117.441318495362,0
"t32",55.1001195087197,0
"t70",6.28327619229532,0
"t9",95.7387251966055,0
"t25",259.426663437489,0
"t14",149.320847148665,0
"t61",139.370366019045,0
"t68",280.388634406087,0
"t71",49.6942986885573,0
"t28",107.961755123515,0
"t11",14.6324541327017,0
"t22",159.64329622108,0
"t57",159.729451111336,0
"t12",98.2867809031191,0
"t35",60.9259286551478,0
"t84",74.9028676056588,0
"t23",6.40004026783708,0
"t7",161.214930264026,0
"t63",15.3901004305684,0
"t13",584.183360350952,0
"t95",161.841354885285,0
"t15",23.6112198589606,0
"t73",421.050423204254,0
"t17",132.481170761368,0
"t60",29.6291334353489,0
"t97",141.372323798221,0
"t55",73.4248354509209,0
"t36",42.5422886586259,0
"t90",21.5867861821685,0
"t39",48.2416961660347,0
"t4",69.0113743636241,0
"t51",135.661698349958,0
"t45",49.5689948339655,0
"t42",200.331968958616,0
"t100",86.146808338247,0
"t50",31.6719339988144,0
"t85",326.48969730306,0
"t99",13.1580868312788,0
"t52",247.961634442496,0
"t31",205.484933210227,0
"t1",98.9184125140828,0
"t49",183.549223659938,0
"t62",132.172047501377,0
"t94",97.2181457131351,0
"t77",116.353173246138,0
"t72",214.674158952182,0
"t64",178.164958684874,0
"t10",116.977915006292,0
"t16",146.88026525038,0
"id","length","latency"
"t86",44.098421987605,0
"t31",208.735758343912,0
"t58",139.265976823432,0
"t56",170.883514757296,0
"t19",107.304393001516,0
"t34",131.804715256236,0
"t20",172.141261246317,0
"t12",170.541786990998,0
"t40",27.739177094644,0
"t35",95.5276793937664,0
"t6",125.821486079079,0
"t75",0.788778936071367,0
"t1",119.824974593153,0
"t14",21.4703195045172,0
"t8",4.06100566184728,0
"t47",40.3493068539615,0
"t2",73.1996319480265,0
"t100",224.602312348094,0
"t84",278.206798024062,0
"t46",15.4032469321278,0
"t79",77.3872607458854,0
"t61",134.636750250159,0
"t30",41.2053970986269,0
"t27",100.338694851075,0
"t91",103.861047512462,0
"t28",18.812625352326,0
"t17",109.516875144812,0
"t51",63.885939275591,0
"t72",127.454054704029,0
"t78",166.172132961757,0
"t44",91.4554578561331,0
"t87",98.3002053746029,0
"t93",150.870510389371,0
"t53",242.718084884794,0
"t98",227.447655215131,0
"t32",160.956810254991,0
"t59",46.6975197207591,0
"t54",295.931204828081,0
"t71",26.2269597990019,0
"t67",96.8278321745231,0
"t97",313.268345853356,0
"t63",68.0708938579417,0
"t7",113.524170297589,0
"t22",112.439038957868,0
"t88",118.907509440901,0
"t99",236.284978149034,0
"t90",346.687948593812,0
"t73",216.664238084451,0
"t38",160.066444658652,0
"t4",176.250311155935,0
"id","length","latency"
"t11",138.766846485105,0
"t67",79.1178785296859,0
"t64",286.787391853179,0
"t23",243.105347443533,0
"t50",45.3707811136309,0
"t24",0.996788586706771,0
"t42",109.010211075551,0
"t54",202.225038662571,0
"t16",25.1710394948402,0
"t97",95.1297902185615,0
"t63",38.8004970241066,0
"t79",18.0630732610646,0
"t31",431.287788256429,0
"t66",95.2255516437808,0
"t70",426.470695868325,0
"t9",75.1067353427295,0
"t69",3.70597337606887,0
"t95",10.0888908586121,0
"t13",6.62996475232785,0
"t76",151.46298078737,0
"t34",93.4939779724671,0
"t4",26.6446596440842,0
"t45",82.5527681036656,0
"t46",116.556043838291,0
"t32",256.447016474519,0
"t6",196.005457316771,0
"t17",87.9826893061609,0
"t20",123.533580826414,0
"t59",77.1710141768122,0
"t19",57.868161890739,0
"t84",15.8682125551377,0
"t77",136.378506274772,0
"t29",16.70318098702,0
"t99",198.337084428661,0
"t94",8.75630771446276,0
"t72",92.9881821868544,0
"t37",96.5218956324743,0
"t98",470.568596243097,0
"t22",389.246542693107,0
"t38",364.041426768274,0
"t33",169.555611220358,0
"t60",122.704748625785,0
"t2",189.142007437353,0
"t75",86.855465383499,0
"t85",168.706025407136,0
"t71",472.923592822083,0
"t3",140.638975259071,0
"t82",186.749353474946,0
"t14",122.941293934208,0
"t62",182.247623761544,0
"id","length","latency"
"t88",54.5516580142011,0
"t4",30.1278888013131,0
"t36",49.2220211724893,0
"t35",83.056820828796,0
"t83",60.0076349149058,0
"t32",27.7659021578963,0
"t71",174.436677280974,0
"t16",43.5950521700636,0
"t8",26.452010352255,0
"t24",64.3725561356543,0
"t40",102.246636686158,0
"t85",41.4350968720175,0
"t3",251.354511649942,0
"t79",13.0654769253517,0
"t99",22.3895206778263,0
"t49",30.7242349988373,0
"t21",133.025177816131,0
"t68",147.249461723842,0
"t86",177.444493419957,0
"t72",16.9697321434503,0
"t67",159.192611330971,0
"t23",1.99439598191543,0
"t5",53.2475027202265,0
"t45",184.906718928972,0
"t93",98.7187453099984,0
"t92",28.9247113864064,0
"t96",101.748413915324,0
"t82",276.784565217923,0
"t74",169.286284910116,0
"t42",67.3271844494716,0
"t14",8.26932994761296,0
"t76",328.213968230964,0
"t61",224.925698965681,0
"t57",16.3515673868551,0
"t73",129.577291917971,0
"t90",182.319398397253,0
"t62",527.782268847686,0
"t25",111.608336036158,0
"t1",213.489604896398,0
"t12",69.1231215813889,0
"t15",103.438661630526,0
"t34",110.992983963567,0
"t13",13.6489203719927,0
"t30",74.9718984314436,0
"t84",264.130703781981,0
"t18",284.835708771981,0
"t46",265.505814833094,0
"t53",132.501914383122,0
"t65",228.281121425045,0
"t7",115.440747986303,0
"id","length","latency"
"t7",57.9784148922355,0
"t54",232.681214615227,0
"t20",19.4377596608385,0
"t56",160.789414163871,0
"t88",129.5768293025,0
"t63",80.37648481876,0
"t50",13.341973285136,0
"t37",217.221032692518,0
"t76",64.4637399217293,0
"t64",420.349274857865,0
"t45",221.102599148554,0
"t71",76.5273819488781,0
"t11",181.782371396235,0
"t43",80.1602835338842,0
"t16",268.493863593782,0
"t67",9.29722269081276,0
"t3",115.952010870116,0
"t18",107.994839702486,0
"t47",121.845918112891,0
"t23",55.7233233575362,0
"t49",20.5894775788245,0
"t83",123.754222161955,0
"t97",44.1773983149135,0
"t38",276.478516981478,0
"t52",452.516110600152,0
"t26",149.482834360715,0
"t94",8.0083318885163,0
"t91",126.644437521636,0
"t69",323.94972615205,0
"t100",435.771306143255,0
"t12",15.5713205552804,0
"t95",41.3251981430526,0
"t55",55.0368171805308,0
"t90",538.686617721057,0
"t81",225.129115354804,0
"t1",141.553597076553,0
"t86",78.9945848061493,0
"t61",64.2002535248564,0
"t60",149.985817788106,0
"t80",108.756881222954,0
"t30",267.867408621472,0
"t2",87.5700207015275,0
"t25",13.1736132470432,0
"t8",148.156671415165,0
"t66",266.559370158805,0
"t14",244.948149702975,0
"t17",39.2055526106949,0
"t74",264.504137834736,0
"t13",106.254646807393,0
"t99",164.41452654587,0
"id","length","latency"
"t3",122.114829322652,0
"t10",36.1123884091922,0
"t39",64.6329581464766,0
"t54",307.691616233712,0
"t91",38.1599007041692,0
"t63",63.4604645229368,0
"t36",66.1856696528205,0
"t86",237.343438129303,0
"t100",276.883583761708,0
"t93",167.86472002884,0
"t2",93.4742852841389,0
"t50",0.467661863028979,0
"t1",149.349549302446,0
"t37",31.5502812834695,0
"t90",48.6319425034274,0
"t11",11.4424918828295,0
"t41",61.1447686772476,0
"t31",10.7680939517847,0
"t5",58.1630854346133,0
"t19",28.6289356460286,0
"t49",246.449135761306,0
"t28",95.59562312609,0
"t92",58.9066571854453,0
"t70",42.3473440364789,0
"t40",187.610725012455,0
"t20",120.138856966374,0
"t65",84.4343617508252,0
"t69",5.6302644121306,0
"t87",55.3186673507521,0
"t32",48.0282498451447,0
"t51",121.878431201485,0
"t77",123.884275026534,0
"t15",76.0268517991612,0
"t16",0.179421400114961,0
"t73",90.8402547586327,0
"t33",107.97989771983,0
"t48",90.2362744977231,0
"t18",88.9450882170752,0
"t29",71.7388521702699,0
"t27",42.0262197804507,0
"t68",361.728172020688,0
"t75",148.519671180431,0
"t96",235.271197511035,0
"t58",171.367281942125,0
"t67",181.333224010681,0
"t12",90.2207789712579,0
"t64",320.530107856653,0
"t38",156.696339677053,0
"t83",145.170365988767,0
"t23",426.385480611396,0
"id","length","latency"
"t89",7.91101914368414,0
"t47",130.309115760399,0
"t95",46.3349206148546,0
"t51",522.495795661579,0
"t88",14.2886018952188,0
"t50",50.0695293874278,0
"t78",101.459260132621,0
"t85",219.099798670336,0
"t43",85.6746686670374,0
"t57",76.0814904236684,0
"t69",63.117809179284,0
"t97",108.412616241602,0
"t31",71.0944187993734,0
"t30",317.562198892013,0
"t76",47.3058313776128,0
"t2",182.571803210054,0
"t59",101.174712792759,0
"t15",121.665656125806,0
"t98",116.052685045252,0
"t67",181.591784925409,0
"t91",131.790739767936,0
"t46",1.24789485199904,0
"t44",113.036047754752,0
"t14",43.3168946386199,0
"t86",35.9299447053195,0
"t36",182.611319686555,0
"t54",221.373290735347,0
"t32",159.116515947188,0
"t9",95.1525600625125,0
"t53",130.905963713505,0
"t25",37.3006447652235,0
"t99",372.302729628458,0
"t28",44.9601407680254,0
"t71",76.2590215457374,0
"t16",458.410579116537,0
"t74",112.085053289142,0
"t62",44.038392119772,0
"t92",83.9067061824667,0
"t40",94.8212915976449,0
"t77",227.150731497562,0
"t84",332.436299889958,0
"t52",7.97735885017937,0
"t81",179.202493548751,0
"t4",191.18169641112,0
"t75",191.086297428332,0
"t42",147.670068721842,0
"t58",176.900789951482,0
"t37",166.303804109495,0
"t49",100.258920253535,0
"t68",132.384334384128,0
"id","length","latency"
"t35",2.64871083849835,0
"t19",4.97746083920356,0
"t28",2.28348252725732,0
"t36",92.8115056263439,0
"t64",54.4437847885079,0
"t25",3.2163861471829,0
"t40",57.612128853418,0
"t37",48.1778669151822,0
"t81",23.9212601860791,0
"t51",14.172223558711,0
"t59",51.8352793283857,0
"t1",70.6971656068768,0
"t91",243.539477398138,0
"t49",157.059507938281,0
"t69",152.564016429607,0
"t11",91.1455605009851,0
"t77",266.757733574824,0
"t2",191.620385720173,0
"t47",203.695872644407,0
"t94",552.335887117209,0
"t34",178.159069495989,0
"t39",53.311948560839,0
"t3",18.0671419661537,0
"t87",5.00682489150245,0
"t57",19.4307482684242,0
"t54",141.328060177918,0
"t32",18.4651536152405,0
"t13",153.757439289026,0
"t60",128.665060950506,0
"t48",92.4603681370211,0
"t93",208.041986084341,0
"t76",32.1395341436682,0
"t72",76.3919645733372,0
"t50",69.7211683887067,0
"t58",229.71740071983,0
"t38",218.576279805501,0
"t62",10.4853261135677,0
"t5",49.3392008475239,0
"t78",50.3500812873012,0
"t61",33.9947168042795,0
"t89",551.601657021569,0
"t52",6.09953824735931,0
"t15",195.68274474712,0
"t33",122.681562523768,0
"t65",187.896277146005,0
"t92",38.3950404544712,0
"t95",69.3014273016024,0
"t8",123.46133580257,0
"t99",479.739034096736,0
"t18",392.61944883242,0
"id","length","latency"
"t51",128.824510362548,0
"t46",41.0033120414947,0
"t18",89.1570250718682,0
"t70",9.53935393621282,0
"t22",119.808041654618,0
"t41",34.1548226263246,0
"t50",58.5899360513913,0
"t62",10.3958545235216,0
"t75",11.9209659569253,0
"t91",22.5724441104733,0
"t79",233.663060630974,0
"t81",31.4384402565702,0
"t35",38.8474770186665,0
"t96",255.811950281877,0
"t57",97.0577391100912,0
"t88",159.252676686975,0
"t23",72.4831015967734,0
"t67",26.9263929768954,0
"t93",35.2206311002246,0
"t58",310.992530319836,0
"t56",375.495100572747,0
"t14",19.8608067192686,0
"t78",87.6289780397965,0
"t84",175.78542916426,0
"t15",42.0521327076372,0
"t6",79.1972688588476,0
"t4",108.009459312245,0
"t95",54.6068523714071,0
"t37",44.4908721311031,0
"t45",264.088931295245,0
"t85",71.9227580650331,0
"t5",410.446567591836,0
"t80",46.4300355156843,0
"t90",58.2469238743588,0
"t17",204.629550754981,0
"t36",193.190211209763,0
"t2",55.4219003256449,0
"t99",281.135977779612,0
"t98",177.00125393283,0
"t39",129.776918573772,0
"t13",62.0062406336297,0
"t16",386.068935956348,0
"t72",56.8506094896643,0
"t29",63.8381811702534,0
"t42",388.946848159361,0
"t27",158.91529553279,0
"t55",134.733398319464,0
"t34",188.858976396617,0
"t63",201.021321212811,0
"t60",376.528105052647,0
"id","length","latency"
"t62",42.6776705900361,0
"t98",130.85365180678,0
"t70",120.52396931181,0
"t38",54.3251840867504,0
"t19",33.1545302082993,0
"t43",350.554636696205,0
"t72",22.9767470871639,0
"t2",117.992633476332,0
"t97",133.145229279859,0
"t71",219.21294499883,0
"t46",157.266042988918,0
"t9",231.110210412507,0
"t12",18.9766487096399,0
"t39",11.92865829738,0
"t58",177.286632194761,0
"t56",49.7046123786918,0
"t40",46.7981186504735,0
"t68",58.6640404846453,0
"t47",47.5138086242137,0
"t57",77.4078397535213,0
"t35",311.728397384482,0
"t88",235.728377660327,0
"t1",190.137686061249,0
"t25",135.34945463802,0
"t16",229.085760236822,0
"t100",173.950101089818,0
"t99",4.6361296756163,0
"t77",175.400205139108,0
"t60",290.86324712746,0
"t89",4.82853838448591,0
"t32",45.8902286998205,0
"t81",119.320617928075,0
"t78",52.6580788224383,0
"t73",7.82752389209281,0
"t20",59.2724588592214,0
"t82",40.328527927179,0
"t75",550.995977662282,0
"t15",2.64580039175371,0
"t59",179.892094388854,0
"t44",54.2346994062741,0
"t67",58.7294060736922,0
"t4",33.1798182198072,0
"t14",250.521865481445,0
"t7",452.309864291201,0
"t76",121.340956953653,0
"t17",79.4964957820353,0
"t80",385.921531870167,0
"t93",329.499832130718,0
"t28",156.786324673807,0
"t24",619.472551731154,0
"id","length","latency"
"t56",221.653134836029,0
"t64",29.7589613525315,0
"t47",68.1634230241357,0
"t61",23.4838672855365,0
"t48",54.1957363381508,0
"t17",465.470762845354,0
"t28",537.953567808067,0
"t65",89.8717671683701,0
"t83",19.8243928902177,0
"t13",298.645797704468,0
"t44",10.3736023404711,0
"t76",35.7121801529456,0
"t40",5.38092342509822,0
"t45",62.5003188008791,0
"t6",7.92898756715931,0
"t36",137.188610664916,0
"t21",80.7659587479448,0
"t22",160.751797494114,0
"t24",79.9816545138879,0
"t14",113.885885564237,0
"t79",50.4662469150837,0
"t43",207.867795274155,0
"t94",104.501889296235,0
"t55",311.042947736381,0
"t69",33.7654961801529,0
"t10",391.114817428316,0
"t35",76.7953383694064,0
"t42",333.655241952267,0
"t74",206.527252208659,0
"t32",17.1418042951898,0
"t71",78.0467737485196,0
"t49",93.3213256404122,0
"t59",359.918936999409,0
"t100",255.418033133712,0
"t84",139.01896773***REMOVED***,0
"t23",251.307149643853,0
"t19",90.5185995488641,0
"t60",14.7610212301201,0
"t38",118.770862391092,0
"t73",139.161636427329,0
"t97",33.2296146378092,0
"t70",66.619987435248,0
"t66",97.544800324242,0
"t98",254.198379867841,0
"t80",40.2305096124676,0
"t63",16.8277796462621,0
"t51",73.5004129912136,0
"t20",406.261695889857,0
"t53",394.428753325078,0
"t8",66.9162802589722,0
"id","length","latency"
"t39",54.0214909086918,0
"t66",31.2920714067621,0
"t82",87.7810163123454,0
"t99",81.4577673461397,0
"t69",18.4243186737706,0
"t20",167.026479479214,0
"t40",67.8534885530562,0
"t38",108.885743868718,0
"t27",52.6615248094819,0
"t97",17.851868330517,0
"t74",46.4916914002683,0
"t30",492.576370957824,0
"t77",5.83429401605258,0
"t85",137.519937313736,0
"t63",303.483400422119,0
"t72",107.994933153984,0
"t2",11.5963045997205,0
"t86",102.79623347126,0
"t84",89.4205837105637,0
"t7",14.0057625629429,0
"t61",593.797025975278,0
"t70",366.14858495678,0
"t81",89.4002180750281,0
"t83",86.7351914149742,0
"t80",244.833727710893,0
"t49",316.32796403761,0
"t13",47.933657105146,0
"t64",152.044267128697,0
"t33",43.0005980541491,0
"t5",168.576903449369,0
"t15",24.1815055680045,0
"t24",280.658955815609,0
"t73",62.3319635551461,0
"t14",76.4220485717769,0
"t91",14.6657467385546,0
"t12",255.748161552647,0
"t8",7.77718513723562,0
"t94",83.0949764241093,0
"t67",225.291300865191,0
"t96",82.7333729023858,0
"t60",116.712325439505,0
"t4",152.254780511563,0
"t31",59.1105394559813,0
"t1",106.289853264999,0
"t100",318.190038641274,0
"t32",75.1440136667643,0
"t50",456.126390092003,0
"t47",192.426572139475,0
"t46",200.660392359467,0
"t76",423.600363825572,0
"id","length","latency"
"t9",113.245086959451,0
"t2",5.6178457493761,0
"t35",76.3674588932691,0
"t11",170.6748985828,0
"t76",14.9065734086579,0
"t48",76.472391394783,0
"t22",199.339822482648,0
"t54",8.72076674834148,0
"t1",21.3251198714877,0
"t4",46.5003233470632,0
"t62",58.9302054182237,0
"t74",407.93904554549,0
"t5",33.3712522242765,0
"t85",20.5021558356191,0
"t66",90.1669631061193,0
"t23",109.408084737595,0
"t45",81.7404209426072,0
"t53",6.9139669593867,0
"t99",69.2964433861953,0
"t98",205.957279267752,0
"t52",34.0470455566499,0
"t49",76.0683398262913,0
"t29",250.728380695626,0
"t94",102.53721685472,0
"t68",313.425329590327,0
"t46",33.2728617461362,0
"t96",395.916130322041,0
"t65",68.0558305411987,0
"t77",74.5878361403143,0
"t31",93.9405029668635,0
"t71",14.2925382884519,0
"t20",10.4152803491056,0
"t63",210.737246255578,0
"t16",245.119457961474,0
"t13",48.2214491935827,0
"t51",157.245598442109,0
"t89",41.8524651651464,0
"t69",90.2715506761749,0
"t37",190.121280681785,0
"t56",61.844775685528,0
"t100",277.779233728029,0
"t43",158.126268976394,0
"t25",137.258300876334,0
"t26",82.9540880676839,0
"t80",203.632110539506,0
"t18",365.475134497806,0
"t6",399.389120871214,0
"t36",185.470741268798,0
"t73",598.743104013092,0
"t28",37.9379597410928,0
"id","length","latency"
"t48",57.9227857339406,0
"t16",104.318753567866,0
"t22",48.3091273352699,0
"t87",28.4856974470134,0
"t93",59.4932372257326,0
"t5",85.234569304366,0
"t38",25.2941071114894,0
"t90",203.067407428502,0
"t74",95.5947413884628,0
"t78",127.334782659465,0
"t30",198.467893536067,0
"t96",159.163049043874,0
"t15",7.84027970802731,0
"t70",82.389638748195,0
"t58",201.268301879591,0
"t51",283.424535801955,0
"t84",53.3815230192436,0
"t13",354.779521053501,0
"t59",296.25351629499,0
"t32",31.4331801392234,0
"t50",5.47009121881524,0
"t57",50.1004103111238,0
"t64",190.933777645839,0
"t31",54.5478121309434,0
"t25",37.8707361172414,0
"t61",121.144885225632,0
"t20",18.5287490457595,0
"t68",15.4194776864942,0
"t36",46.9517401682006,0
"t43",58.213488831941,0
"t35",223.804616786847,0
"t88",655.796407906775,0
"t9",26.7429827753685,0
"t19",93.9464631108553,0
"t34",71.1993403437741,0
"t6",300.480880101659,0
"t17",288.647957742422,0
"t46",138.804808014362,0
"t47",157.119813114839,0
"t72",46.8293735010302,0
"t63",620.907768929173,0
"t44",45.2188609225682,0
"t79",105.883819995622,0
"t66",153.805806497634,0
"t75",158.981253512233,0
"t28",253.678623148904,0
"t62",63.4751946990382,0
"t45",333.825817966256,0
"t24",212.152967760488,0
"t3",216.338140937432,0
"id","length","latency"
"t86",256.168791672688,0
"t95",66.2894013281527,0
"t84",40.5779208460681,0
"t41",73.9655637348096,0
"t94",312.581319253725,0
"t31",35.0251987719087,0
"t98",29.6413586320882,0
"t27",4.20493870894484,0
"t5",78.3630644125253,0
"t93",182.96202281225,0
"t100",54.9597157567925,0
"t59",346.547995847924,0
"t39",54.3021645495419,0
"t37",415.131034586991,0
"t44",110.750651161274,0
"t12",42.3047242308533,0
"t36",199.064410897693,0
"t97",115.023722197322,0
"t43",62.1213101399289,0
"t2",109.001918968218,0
"t16",105.689501273646,0
"t79",269.929834979654,0
"t22",44.0774374076314,0
"t71",519.470251087116,0
"t14",91.7329037387367,0
"t58",1.23743874433467,0
"t87",74.7229764933559,0
"t11",70.8289917697271,0
"t33",12.0392933261919,0
"t42",87.5754896073895,0
"t52",267.159004137744,0
"t21",109.673843***REMOVED***92,0
"t78",198.043092967766,0
"t62",97.6084150487245,0
"t24",114.228939114826,0
"t75",4.3140427172948,0
"t56",209.279588262512,0
"t73",56.6952191813225,0
"t96",195.112198333134,0
"t38",3.21002942934592,0
"t25",104.180478372182,0
"t66",118.576722633202,0
"t67",49.4765802307711,0
"t49",8.72147860284849,0
"t74",351.06622321987,0
"t63",522.024417065955,0
"t30",99.8885972319308,0
"t80",207.911212741274,0
"t60",454.886077783358,0
"t4",227.646477605865,0
"id","length","latency"
"t94",107.381547503225,0
"t72",187.006936775724,0
"t100",104.215197968016,0
"t80",11.4074350684352,0
"t23",390.558034109312,0
"t10",116.456607963961,0
"t82",5.83120292208628,0
"t8",38.7256833078948,0
"t62",7.11445002430469,0
"t81",8.78779097172423,0
"t87",123.856469413087,0
"t92",10.7484630429444,0
"t70",63.1927541790401,0
"t31",45.8742043931686,0
"t39",16.7438849860935,0
"t77",308.1683074701,0
"t43",33.6436248110635,0
"t18",31.9767545193718,0
"t17",313.307780749643,0
"t21",72.2849136143032,0
"t76",501.128843778805,0
"t59",64.1394560372341,0
"t84",79.260302506872,0
"t3",35.2531769654752,0
"t19",71.6991610985801,0
"t60",85.8384601331718,0
"t36",218.611655162187,0
"t85",157.641522795136,0
"t55",323.067397298954,0
"t90",13.6544326700891,0
"t27",95.9867328862078,0
"t53",117.127394452066,0
"t95",272.127384906924,0
"t78",8.13942917137774,0
"t16",162.803202478678,0
"t54",74.9553756625437,0
"t37",117.098449050557,0
"t22",240.026997358169,0
"t35",217.833076604708,0
"t89",159.159889332372,0
"t12",164.987927915593,0
"t6",2.47764252981551,0
"t65",113.756013570538,0
"t24",199.367307336427,0
"t32",393.37375250443,0
"t47",7.2149442313721,0
"t58",41.8707599098739,0
"t69",286.586658915997,0
"t28",142.129008778904,0
"t4",137.518162654046,0
"id","length","latency"
"t13",110.387610647973,0
"t96",18.0320039602402,0
"t78",38.0087727768225,0
"t42",64.5613332594347,0
"t25",173.556383504636,0
"t79",24.8980301458893,0
"t85",101.646051533677,0
"t8",227.841067157032,0
"t98",76.3488278192608,0
"t54",9.19873226512982,0
"t43",206.170617550991,0
"t5",62.1139378029052,0
"t67",545.751767143275,0
"t37",157.482933632311,0
"t63",162.708086604576,0
"t31",20.7795252419069,0
"t84",73.0576853968689,0
"t95",46.3220255541057,0
"t7",84.2099914421431,0
"t16",3.88158446515718,0
"t91",42.7663810605704,0
"t90",81.0611904841721,0
"t70",159.090343641099,0
"t35",40.7376728098798,0
"t44",235.881759611306,0
"t32",14.0572906324708,0
"t28",81.2215757435722,0
"t94",84.3121401773149,0
"t62",252.074823088292,0
"t72",220.74664797088,0
"t66",84.8785840210226,0
"t73",139.051697254694,0
"t86",53.3799034736539,0
"t46",397.397911064837,0
"t48",222.009398199654,0
"t58",550.127995424441,0
"t99",223.367477224808,0
"t4",296.820017898988,0
"t45",534.238711288213,0
"t83",87.6388842468837,0
"t80",472.711830498981,0
"t40",93.2669501330779,0
"t65",205.751957974843,0
"t74",48.4761812820016,0
"t22",151.080548310474,0
"t2",79.5738018351126,0
"t9",157.683378481198,0
"t11",149.602603603169,0
"t29",173.08383462916,0
"t41",250.295505170505,0
"id","length","latency"
"t86",61.7372039579264,0
"t13",34.8584794992035,0
"t40",148.099952900387,0
"t2",120.869769660758,0
"t91",198.459525438479,0
"t51",22.0787838099982,0
"t22",58.4547754338184,0
"t48",64.7663996574252,0
"t90",99.6669629342089,0
"t17",137.81239518904,0
"t16",70.2751570542595,0
"t12",107.730392882308,0
"t45",18.8252597437806,0
"t37",59.3806263344911,0
"t62",47.9539758678716,0
"t24",420.64000026102,0
"t89",162.755173882544,0
"t39",18.1042872410711,0
"t25",18.1950711736345,0
"t44",64.2670168846441,0
"t61",571.016464803732,0
"t76",47.0228996819628,0
"t56",24.0788777724392,0
"t5",374.451786388067,0
"t85",184.081805838443,0
"t52",31.6456277191401,0
"t84",45.004735220949,0
"t54",204.377731356778,0
"t97",66.1728316332621,0
"t67",15.3657875974975,0
"t14",158.673088774996,0
"t66",162.993807943439,0
"t6",62.7182036471518,0
"t75",128.755109602227,0
"t71",9.08989015636257,0
"t29",479.633613851594,0
"t7",418.40090278552,0
"t72",40.9027836328578,0
"t60",32.1369006073085,0
"t46",335.626938116137,0
"t8",765.605500966077,0
"t35",558.812113475464,0
"t26",82.9949418817887,0
"t20",422.429790169531,0
"t43",837.069918842423,0
"t79",293.008651629123,0
"t32",128.891302431785,0
"t68",641.819278803709,0
"t55",183.858374952024,0
"t34",128.51563813458,0
"id","length","latency"
"t10",160.746668405036,0
"t18",56.0658278609781,0
"t40",1.65396874718482,0
"t55",312.98365***REMOVED***915,0
"t65",174.615836938392,0
"t64",158.454070493506,0
"t53",1.71688222702198,0
"t49",20.7991534705897,0
"t75",22.7570240388413,0
"t9",101.066690461501,0
"t97",537.010415030913,0
"t26",415.796802217328,0
"t51",66.3009548514904,0
"t72",11.1806518869946,0
"t66",8.41703141317907,0
"t24",117.951644798647,0
"t94",13.5544460539077,0
"t87",41.0927012507098,0
"t21",23.1684873294178,0
"t88",27.7200924685392,0
"t89",54.9747471121734,0
"t2",98.8349674627473,0
"t17",106.241152746503,0
"t44",12.8078423234617,0
"t52",87.4759986407387,0
"t58",4.78775005693706,0
"t11",196.745624319769,0
"t35",54.126421756227,0
"t27",69.7591557758874,0
"t85",231.108674326691,0
"t77",63.1321683695378,0
"t15",56.2825282966141,0
"t99",224.921956951466,0
"t50",57.0682367641625,0
"t56",35.4437815876895,0
"t90",227.941958809485,0
"t31",156.555452037193,0
"t12",145.113364518315,0
"t5",42.9772283066759,0
"t36",494.553983958664,0
"t83",228.891682796747,0
"t20",75.5630911406538,0
"t16",373.795680294451,0
"t14",271.039017656328,0
"t13",65.9853636358994,0
"t62",790.819192926517,0
"t63",771.428423671644,0
"t45",186.887414029735,0
"t46",648.106562367908,0
"t42",551.85851071955,0
"id","length","latency"
"t87",88.0424523496415,0
"t8",63.2539855347344,0
"t34",43.014747289311,0
"t40",310.917206427952,0
"t85",466.719748780683,0
"t70",13.2398431814338,0
"t14",85.4581687572822,0
"t49",65.0641418584528,0
"t64",49.6431055923583,0
"t16",58.5231679433834,0
"t90",24.3255064001676,0
"t13",186.045896450669,0
"t62",35.9159280855217,0
"t100",12.1222071827276,0
"t51",67.123079816201,0
"t86",166.980139906126,0
"t72",5.81450692497583,0
"t23",2.93871449314202,0
"t11",214.454822358301,0
"t54",11.820791342954,0
"t17",628.000259145522,0
"t82",54.6621108692239,0
"t36",264.750462941796,0
"t44",96.8357564427872,0
"t66",26.4831057605838,0
"t1",179.917253213871,0
"t6",231.361101235993,0
"t24",93.3097338498824,0
"t4",169.43449407153,0
"t67",66.7864765619097,0
"t47",88.1477987511234,0
"t39",8.25318905920767,0
"t81",45.7753642715961,0
"t96",96.5675423906514,0
"t83",226.672382776566,0
"t27",87.9336634605584,0
"t91",166.895349127046,0
"t38",55.9554570747318,0
"t94",112.320914636975,0
"t52",159.766371669756,0
"t15",135.109978899969,0
"t76",1.86802471138344,0
"t65",8.24233754703982,0
"t20",43.5555413427956,0
"t98",139.493967378779,0
"t80",102.148112067494,0
"t25",125.258366122046,0
"t30",159.123787049261,0
"t3",188.308012422298,0
"t9",382.314301095008,0
"id","length","latency"
"t3",162.797899098755,0
"t12",45.8016879490652,0
"t87",151.326844377215,0
"t4",13.0753408336771,0
"t83",63.7146672694327,0
"t10",27.0130065049871,0
"t67",76.0866723480584,0
"t22",58.895155820646,0
"t78",80.1172220970684,0
"t66",130.012498227932,0
"t68",266.914820807618,0
"t99",47.5940246829371,0
"t2",24.7241699142825,0
"t24",61.5975704042104,0
"t7",33.9610156742311,0
"t32",77.79753663141,0
"t48",42.7580978867476,0
"t52",47.9874705463517,0
"t20",4.41627307121473,0
"t21",232.70463953384,0
"t14",212.860002765186,0
"t57",16.4312820108926,0
"t33",208.075984898412,0
"t70",11.2976814498408,0
"t59",104.492364240738,0
"t92",67.9244863375978,0
"t44",88.2400902216112,0
"t88",240.219129002548,0
"t6",31.6112676328173,0
"t31",91.8267216236738,0
"t79",80.3343039897754,0
"t53",189.859506523496,0
"t63",125.335619681721,0
"t95",177.408885427457,0
"t75",63.0755702468093,0
"t18",52.8325471238006,0
"t91",134.468433923645,0
"t42",320.057248465895,0
"t49",603.603916017463,0
"t85",498.516137826372,0
"t58",143.458541312565,0
"t97",56.1136732523662,0
"t89",1.07182060860146,0
"t74",111.136262353881,0
"t16",14.8146715975452,0
"t28",64.2909434503799,0
"t64",56.7152174562889,0
"t60",223.409682265175,0
"t54",219.380417113287,0
"t46",135.718502164311,0
"id","length","latency"
"t100",10.8468974100948,0
"t65",42.1780475567056,0
"t17",79.1415005253256,0
"t54",3.82342966588971,0
"t94",46.0946723870117,0
"t46",134.968318020197,0
"t79",206.28107580356,0
"t66",146.20591356423,0
"t31",140.286537218152,0
"t63",53.3396457933271,0
"t15",174.040913087844,0
"t58",5.28752314164478,0
"t53",112.804897574151,0
"t34",83.0237819393277,0
"t23",250.144152052644,0
"t55",156.312256404966,0
"t98",193.357088297559,0
"t74",197.001339911155,0
"t7",56.6949922174442,0
"t30",39.4599785114882,0
"t99",47.471201998373,0
"t32",109.353648791355,0
"t57",3.67909685157349,0
"t90",154.474422559683,0
"t69",65.241929442361,0
"t67",0.811386402862468,0
"t22",153.750219698292,0
"t96",45.7653009047069,0
"t42",98.2595885030008,0
"t68",121.498674669287,0
"t40",43.6537940310641,0
"t11",30.6977146952345,0
"t12",54.4969558139467,0
"t44",222.146423449044,0
"t86",3.01171482935729,0
"t35",85.7821399771333,0
"t97",3.97941990765389,0
"t82",233.32201182041,0
"t75",9.80684217354406,0
"t50",183.921623362162,0
"t92",196.014865864686,0
"t29",60.4885479815593,0
"t87",183.604781201137,0
"t9",175.237320649739,0
"t62",303.689564765189,0
"t26",121.039144204246,0
"t6",302.291550853455,0
"t21",160.018837133311,0
"t52",243.972857305615,0
"t36",264.34897702835,0
"id","length","latency"
"t84",8.11362179664752,0
"t45",52.7005497858619,0
"t49",97.6466095210336,0
"t60",72.2939605576087,0
"t87",234.778100457658,0
"t82",110.759148538883,0
"t46",93.2792108536905,0
"t29",64.8937741005573,0
"t2",138.124951210733,0
"t58",13.298269115131,0
"t14",75.7679434160937,0
"t55",29.9078251321384,0
"t48",62.6827563657569,0
"t9",17.948053113445,0
"t22",159.976386614215,0
"t99",11.6671106704061,0
"t81",18.7533714220885,0
"t71",36.4031067374094,0
"t26",76.0147640184923,0
"t100",86.866184011209,0
"t19",208.21284079542,0
"t15",115.02652920357,0
"t32",284.256286596095,0
"t39",380.459737814709,0
"t79",105.893429074858,0
"t17",52.4565162375379,0
"t7",112.617803462108,0
"t88",71.769872165007,0
"t57",3.57046865506254,0
"t80",11.5020256869184,0
"t72",494.472170133068,0
"t40",81.5121312611609,0
"t50",13.2235887967772,0
"t3",40.6741661293772,0
"t23",130.939931599936,0
"t56",278.953491809661,0
"t8",151.047671913862,0
"t25",28.7710320169249,0
"t65",355.768719920627,0
"t4",307.554563201817,0
"t62",543.006741298161,0
"t47",48.1539399921321,0
"t42",182.013566828145,0
"t78",351.071454109321,0
"t67",841.689628499749,0
"t16",70.9261487014701,0
"t38",2.36325077275296,0
"t30",151.553871224564,0
"t90",208.101120195026,0
"t83",221.940997188946,0
"id","length","latency"
"t77",174.185460793684,0
"t50",62.5676132417201,0
"t63",37.4943576007909,0
"t40",14.3058386136557,0
"t60",150.062368050213,0
"t10",178.745526393536,0
"t99",77.5240829380209,0
"t84",53.384236226266,0
"t75",168.546857166804,0
"t56",17.0809199955131,0
"t14",64.3862146512133,0
"t17",34.228082912909,0
"t26",72.5756752640464,0
"t42",55.1226171784642,0
"t67",59.2891832322903,0
"t21",33.6099528417385,0
"t18",134.242671591778,0
"t71",5.62643289824518,0
"t68",19.2137886130058,0
"t94",339.608699093507,0
"t34",19.1698179410278,0
"t38",23.5439612619721,0
"t86",91.9600216868325,0
"t23",71.7871055838405,0
"t53",602.343681061449,0
"t3",147.497939262872,0
"t69",103.75179575226,0
"t27",101.081588941088,0
"t39",191.626608256636,0
"t85",16.1247744593447,0
"t78",181.511840859617,0
"t100",127.578570076439,0
"t54",11.5983490530912,0
"t47",29.4794413329228,0
"t45",125.370134309607,0
"t16",276.858635199858,0
"t9",632.575287611393,0
"t52",51.8813670934587,0
"t32",58.3179885146842,0
"t11",347.864413389738,0
"t87",340.712597571628,0
"t46",83.6557452425709,0
"t13",156.111435112217,0
"t58",1.13289913420067,0
"t92",249.632288885735,0
"t36",218.035537918535,0
"t37",33.7116712170082,0
"t4",383.95574273994,0
"t12",117.571580314613,0
"t70",112.399053682947,0
"id","length","latency"
"t76",35.8161058019714,0
"t27",52.4727571430946,0
"t26",50.454738275344,0
"t79",16.91448104021,0
"t62",70.0700740711916,0
"t29",152.876659771965,0
"t53",182.996247754763,0
"t9",14.4062515696762,0
"t24",7.97507802906182,0
"t11",237.868179142071,0
"t18",1.65632411725494,0
"t97",94.8045270861552,0
"t86",70.0765245427526,0
"t96",94.342241911995,0
"t7",74.309642507281,0
"t5",261.611981016861,0
"t81",86.2143656802766,0
"t93",187.164126489622,0
"t49",264.214521530815,0
"t21",110.70105597618,0
"t63",131.433672530791,0
"t80",76.3091417255187,0
"t33",123.517274907104,0
"t57",90.0927867714104,0
"t41",381.14425559233,0
"t70",29.2269338445155,0
"t67",96.5030365970767,0
"t3",109.979812516263,0
"t47",85.2120581005877,0
"t54",219.074127395443,0
"t38",95.5317988109657,0
"t68",31.8328206903545,0
"t8",182.177630267488,0
"t40",67.8257479192166,0
"t92",154.032826161988,0
"t36",363.863811323933,0
"t39",190.246043557371,0
"t34",9.81433016364645,0
"t37",67.3277656909008,0
"t46",463.341134060636,0
"t66",102.705577439947,0
"t35",109.581538973258,0
"t77",21.5784584287883,0
"t4",26.5916491159942,0
"t94",128.530514142899,0
"t51",74.8032886248366,0
"t12",423.262900685373,0
"t98",97.932729728084,0
"t71",314.244896712243,0
"t44",309.984086285339,0
"id","length","latency"
"t30",2.39436278977163,0
"t15",8.42222769325934,0
"t20",140.899877098654,0
"t35",1.61763874453698,0
"t61",223.986951347688,0
"t24",85.9193050333266,0
"t97",36.6084498565152,0
"t78",7.02602363401422,0
"t19",65.1413801792354,0
"t62",106.587973691532,0
"t36",53.2937478773384,0
"t66",107.844822575636,0
"t34",24.0581225026663,0
"t42",97.3637094268832,0
"t14",61.4008198026211,0
"t74",71.4071078641772,0
"t48",4.41375782514308,0
"t89",181.080184274054,0
"t41",309.378863546826,0
"t39",22.7861044966039,0
"t21",63.7276042222774,0
"t5",29.3675759601884,0
"t18",134.451990273605,0
"t82",134.891546967603,0
"t37",211.686791767099,0
"t54",2.69571231088958,0
"t81",54.9818503635591,0
"t84",257.483406439842,0
"t4",330.748701977474,0
"t23",285.264484278728,0
"t31",134.942079713498,0
"t1",241.926203108691,0
"t85",171.007266120401,0
"t25",282.292727286332,0
"t33",53.082523313626,0
"t57",137.312231253591,0
"t32",129.563736847835,0
"t2",223.836813574799,0
"t80",35.9156389013383,0
"t44",137.958132243219,0
"t99",116.698424668625,0
"t13",602.391029205414,0
"t79",31.368387345376,0
"t38",178.619550780591,0
"t92",291.515279574715,0
"t45",298.546370542091,0
"t96",211.897550066196,0
"t56",162.830425686467,0
"t75",165.82680994464,0
"t94",84.1958851346878,0
"id","length","latency"
"t99",16.4140048504228,0
"t77",228.923211824157,0
"t91",48.2547503761687,0
"t96",41.4582924398774,0
"t2",33.2251659723387,0
"t41",113.053900986367,0
"t63",170.901973159978,0
"t62",26.7249004991529,0
"t17",169.99464331555,0
"t88",10.1684875578833,0
"t70",107.054641942404,0
"t59",6.35761841961039,0
"t53",16.9264502422698,0
"t94",119.571307740071,0
"t30",73.5093480531054,0
"t18",3.87333206551443,0
"t65",23.3561177311656,0
"t79",3.45518181615296,0
"t38",2.3051892648333,0
"t22",34.9520379654358,0
"t20",9.61081087055663,0
"t55",11.8977231967706,0
"t6",161.835535392639,0
"t84",5.55340482297697,0
"t78",69.3351528956325,0
"t89",150.493155060792,0
"t51",15.9117835707298,0
"t16",146.560459480038,0
"t85",178.59264054222,0
"t61",48.5272066177474,0
"t46",176.571127628735,0
"t21",59.585715927687,0
"t11",42.8864991285302,0
"t73",263.918836538536,0
"t50",147.109593958954,0
"t1",6.28722511776459,0
"t86",3.82598621403145,0
"t28",163.125324153192,0
"t15",92.1259378295367,0
"t5",191.234052909501,0
"t33",283.030891673921,0
"t7",12.8685504517503,0
"t97",192.604985166764,0
"t43",171.515957188881,0
"t69",269.083634074793,0
"t4",302.259981233155,0
"t57",59.5858611471051,0
"t10",302.045519383838,0
"t9",94.5249847506786,0
"t54",363.488403576579,0
"id","length","latency"
"t83",7.28870526436262,0
"t11",5.49565151645476,0
"t28",418.77093211384,0
"t74",23.9301346191876,0
"t87",33.1655538021114,0
"t68",29.9523564779624,0
"t78",204.928633301677,0
"t66",87.623426196512,0
"t56",7.26208214904625,0
"t19",4.8668595666677,0
"t53",13.5304988256648,0
"t29",104.210142989319,0
"t5",28.9877146820868,0
"t64",228.577586320539,0
"t10",274.56355117045,0
"t57",402.006023862634,0
"t80",69.1513458564325,0
"t62",56.493554723882,0
"t48",11.723580853358,0
"t42",15.7241059739874,0
"t34",50.9827426809322,0
"t20",380.110619732392,0
"t69",602.612792385201,0
"t18",114.109593154689,0
"t16",8.25136760987334,0
"t4",8.22568578061646,0
"t27",19.7642048381124,0
"t94",100.070135471399,0
"t30",227.069275181044,0
"t2",460.590051917496,0
"t1",81.7775252495751,0
"t46",54.256341504574,0
"t32",44.0406084287797,0
"t75",95.625693571181,0
"t35",113.249283418689,0
"t58",8.64336084003753,0
"t97",125.653199500141,0
"t60",211.073166670491,0
"t43",218.15450763792,0
"t61",54.5245167280546,0
"t23",12.2411640065402,0
"t72",160.535952523571,0
"t38",138.012992159209,0
"t55",111.615101487465,0
"t21",227.085097184991,0
"t45",363.230976283272,0
"t88",172.535691544065,0
"t39",181.918970949283,0
"t85",175.992103824565,0
"t63",178.53665162997,0
"id","length","latency"
"t70",150.930955191278,0
"t89",4.26813008169864,0
"t80",298.279458642405,0
"t8",35.7860702265374,0
"t37",447.724561886068,0
"t33",42.4674463479685,0
"t3",76.6862161229503,0
"t56",170.597391759678,0
"t73",192.827940885503,0
"t92",96.7569850853458,0
"t13",44.2647668861305,0
"t96",90.9080536133126,0
"t19",637.949168865744,0
"t28",282.423336234535,0
"t94",38.6368271947272,0
"t51",68.9004799839267,0
"t39",72.6121424141263,0
"t98",151.547202504905,0
"t50",19.7625703528001,0
"t77",62.8078842268724,0
"t87",97.2406828459825,0
"t93",23.1069430706207,0
"t53",37.1371973272089,0
"t86",75.7812387596164,0
"t43",80.1479798216214,0
"t64",68.5968700330045,0
"t32",162.823275028532,0
"t17",199.446667782446,0
"t38",333.997419514392,0
"t36",246.167273645272,0
"t26",210.468013541345,0
"t2",33.2834420430627,0
"t74",7.17069424099691,0
"t78",180.279132335731,0
"t10",41.4213207234679,0
"t6",306.128676417965,0
"t68",6.87716022324366,0
"t27",167.919503878366,0
"t45",61.9691122664558,0
"t52",220.095132552559,0
"t62",543.106458378003,0
"t29",42.0538956072464,0
"t15",5.13044888423974,0
"t75",210.650993053333,0
"t83",104.817718274608,0
"t58",53.034253375874,0
"t82",225.885905577604,0
"t59",244.779362412135,0
"t61",60.1866271135827,0
"t24",228.582756224829,0
"id","length","latency"
"t56",72.9580997636739,0
"t97",185.71267392129,0
"t15",77.0671331728249,0
"t62",77.4262336893324,0
"t77",59.2705450316604,0
"t41",65.315008337625,0
"t40",1.07448472289843,0
"t45",11.3105305109323,0
"t37",95.2396819976716,0
"t86",155.870425409065,0
"t25",12.3050394172947,0
"t17",134.709191155443,0
"t44",90.3528784882349,0
"t85",6.04608908787191,0
"t91",294.065129939596,0
"t68",99.623208640757,0
"t59",37.1864822263003,0
"t89",366.264736856145,0
"t94",85.3591311041989,0
"t55",60.7041403334902,0
"t10",33.5592496346972,0
"t71",79.068399460481,0
"t79",62.9521596619718,0
"t29",107.124167898045,0
"t82",19.2209317906047,0
"t81",65.7546223261561,0
"t98",224.762493421248,0
"t61",13.0960165530037,0
"t2",327.353962142931,0
"t24",110.591273051477,0
"t28",109.795044771805,0
"t54",63.9249572701549,0
"t16",26.735488286819,0
"t65",89.2635418978116,0
"t4",66.335342011201,0
"t74",57.8330850569218,0
"t73",4.96941257465187,0
"t96",143.427628562547,0
"t57",446.989926740604,0
"t70",161.417053302173,0
"t23",15.8188977496493,0
"t95",266.33143807289,0
"t9",201.209782993303,0
"t30",52.8448029956785,0
"t66",235.377719881194,0
"t31",336.110672783719,0
"t92",307.902001725148,0
"t36",214.805852842178,0
"t34",213.542708137636,0
"t42",749.482037463376,0
"id","length","latency"
"t72",553.054647637201,0
"t45",163.300908380836,0
"t80",7.84114735369587,0
"t78",70.6767084511338,0
"t47",32.0434904154622,0
"t97",273.20525616386,0
"t14",99.4608717059634,0
"t49",78.1736017155031,0
"t58",25.6937948269672,0
"t54",480.726604477355,0
"t83",102.080130165599,0
"t11",120.528566746882,0
"t63",95.9217039374753,0
"t27",75.0867453244002,0
"t44",7.05825308260773,0
"t8",76.8921771454498,0
"t6",111.80205756051,0
"t84",121.038570499707,0
"t81",33.7213175594688,0
"t59",164.597312665248,0
"t55",15.2017489267391,0
"t15",2.74111132676398,0
"t75",283.07261572584,0
"t76",62.8533985893077,0
"t36",0.0997426284370704,0
"t62",66.7903651334173,0
"t67",78.7650983503904,0
"t68",13.3181406680737,0
"t40",12.6434013592479,0
"t85",52.3873293423389,0
"t52",135.741502827662,0
"t22",57.6927779854768,0
"t9",27.59707585045,0
"t92",413.299225569691,0
"t98",167.377745826582,0
"t28",63.3735089787147,0
"t51",145.894347809138,0
"t2",88.307014959018,0
"t93",110.879365450873,0
"t10",189.97990074453,0
"t91",41.616030139764,0
"t87",318.5191307762,0
"t41",53.3756294535674,0
"t46",21.6146876933499,0
"t32",393.586065253836,0
"t89",89.2983198656671,0
"t17",57.0461020449607,0
"t77",235.944332330549,0
"t96",153.553128557163,0
"t34",444.004277436298,0
"id","length","latency"
"t7",171.963998538665,0
"t60",47.8830245107883,0
"t4",72.8344053595785,0
"t59",206.965570493254,0
"t95",81.0787480581453,0
"t6",92.7824152877596,0
"t5",90.2865322765255,0
"t81",153.019586298706,0
"t82",55.1431770453726,0
"t35",105.344555889141,0
"t28",29.8436101453735,0
"t48",22.1156896271409,0
"t9",553.19258439421,0
"t44",190.229717389051,0
"t54",44.5848186765129,0
"t100",48.3415628649402,0
"t56",164.520243947688,0
"t84",185.132460462922,0
"t88",46.7074417078409,0
"t47",189.438912397837,0
"t18",20.9003356715007,0
"t24",310.93899199723,0
"t25",59.0492574917525,0
"t97",244.756912945405,0
"t41",53.9654400353029,0
"t3",242.853873805263,0
"t32",246.137820079455,0
"t73",114.818944294057,0
"t21",304.937012687189,0
"t61",255.64517706038,0
"t26",391.110441503955,0
"t85",3.13599549402625,0
"t19",173.89286985152,0
"t70",21.0574158089437,0
"t80",229.466130029718,0
"t89",143.014438201386,0
"t62",88.865964503927,0
"t45",10.0944477586775,0
"t63",90.7626647139457,0
"t20",254.587907649775,0
"t31",36.9035022143039,0
"t79",62.1022028847142,0
"t86",28.273089197158,0
"t30",367.614373745871,0
"t64",101.094171191442,0
"t11",202.683348755685,0
"t13",252.657090798466,0
"t98",355.34390275337,0
"t8",166.903842235352,0
"t49",301.553862143838,0
"id","length","latency"
"t47",127.884705498923,0
"t43",28.3510127058136,0
"t82",20.5255222318988,0
"t17",40.050468910437,0
"t68",29.9518950984765,0
"t32",37.6451033381363,0
"t77",14.5982751440893,0
"t12",11.9344946899873,0
"t26",0.493541953866952,0
"t56",4.57826868346683,0
"t45",23.5043338259263,0
"t34",34.3595812096689,0
"t42",206.021194260295,0
"t28",60.5825328016911,0
"t81",162.081709751827,0
"t25",114.358783890092,0
"t85",118.33529588133,0
"t91",53.6059944116105,0
"t97",7.29765430654152,0
"t39",89.548643059567,0
"t93",128.167269920618,0
"t19",69.7896404348512,0
"t27",167.22532774907,0
"t51",125.214032147032,0
"t33",141.582190726479,0
"t52",256.55966131848,0
"t65",45.0092662948218,0
"t18",206.255108179611,0
"t92",72.9353036637858,0
"t8",11.314511339383,0
"t76",180.790749880879,0
"t69",73.3538602529238,0
"t96",551.169120787925,0
"t6",408.005822391382,0
"t24",27.6134558698118,0
"t90",62.4007871539229,0
"t3",42.7408437839704,0
"t5",24.8645322134471,0
"t54",620.70608558733,0
"t79",82.6713614717551,0
"t55",111.309654957027,0
"t75",97.553483491884,0
"t23",80.5032895225831,0
"t22",394.154818236002,0
"t15",167.034157788386,0
"t21",357.04754628081,0
"t35",44.9975037835379,0
"t9",328.284072157006,0
"t60",410.34815203072,0
"t63",718.539357485372,0
"id","length","latency"
"t30",449.724072274907,0
"t66",160.154937719055,0
"t94",46.2746071427473,0
"t21",12.1569193727748,0
"t56",150.722432234407,0
"t61",17.9006227447546,0
"t86",246.579893735789,0
"t91",116.374383618502,0
"t18",16.3870646719299,0
"t79",41.5250084754282,0
"t98",81.9648593144739,0
"t24",52.8570919394467,0
"t64",252.450619253466,0
"t74",24.0812631758072,0
"t10",341.445390556643,0
"t65",21.2892665971294,0
"t12",90.906761170573,0
"t77",327.883788353106,0
"t83",44.8350726989836,0
"t20",124.314899754193,0
"t27",46.1928560874003,0
"t85",180.970377766553,0
"t43",19.0318367838454,0
"t84",32.8134404186358,0
"t23",55.259564045137,0
"t70",67.7677830194921,0
"t36",28.3683058270983,0
"t31",147.861552155915,0
"t37",131.541573842982,0
"t87",52.8330202346297,0
"t1",16.5389996827032,0
"t93",89.714866175141,0
"t89",76.3786811545074,0
"t58",43.7171782893327,0
"t19",19.6728605035066,0
"t28",103.060424025461,0
"t7",165.742200977742,0
"t40",132.83175766832,0
"t54",83.4270887863977,0
"t39",64.1281795648331,0
"t47",303.504192853961,0
"t53",17.8301415578162,0
"t76",539.036607854874,0
"t29",20.1000383968335,0
"t11",449.800177509832,0
"t55",142.075561688257,0
"t75",159.453575164913,0
"t6",151.124179143813,0
"t88",215.401998070866,0
"t71",77.6193111216589,0
"id","length","latency"
"t49",50.0440276807893,0
"t48",102.804808176382,0
"t39",18.6257396305464,0
"t82",0.945991817183426,0
"t44",179.162922481816,0
"t47",89.9821924875025,0
"t100",67.7771800850849,0
"t32",137.548939489619,0
"t67",180.370825990236,0
"t35",25.0620343366841,0
"t42",114.839701846445,0
"t36",7.15998631097114,0
"t66",106.93740624716,0
"t43",31.0400715348094,0
"t85",112.151645918282,0
"t68",409.837137708533,0
"t54",108.492927767672,0
"t45",97.8348158325889,0
"t10",122.546078956006,0
"t33",221.235869166404,0
"t53",107.5488877689,0
"t74",71.2267149154986,0
"t37",177.154707807363,0
"t86",51.1879846805655,0
"t78",20.6176488566348,0
"t81",191.141807276966,0
"t59",49.4147350598651,0
"t8",69.2102435197894,0
"t41",25.1194998991828,0
"t38",72.4876175048425,0
"t79",6.56895854403365,0
"t60",56.5497555840302,0
"t88",280.125044499408,0
"t34",180.884756129157,0
"t71",71.3842303692813,0
"t16",164.050025491492,0
"t17",242.615631475799,0
"t94",307.873199422259,0
"t90",5.77896091790217,0
"t69",26.3341281260373,0
"t58",76.8853899921573,0
"t23",38.2288509267119,0
"t98",96.1195403308648,0
"t84",122.315943815018,0
"t52",171.223222011516,0
"t91",25.6413773873405,0
"t62",168.326571045379,0
"t9",201.26372594245,0
"t97",82.307932332139,0
"t13",286.081402406438,0
"id","length","latency"
"t65",25.2206664861287,0
"t5",423.587558601213,0
"t78",39.5011540380335,0
"t61",84.5169903348108,0
"t45",79.8629155509407,0
"t55",25.0791628698087,0
"t42",74.9670898004754,0
"t6",109.768257668994,0
"t64",558.874238913159,0
"t66",4.32928196932471,0
"t89",192.160569941166,0
"t96",12.8788785152938,0
"t35",153.356096022289,0
"t9",24.7525188844152,0
"t33",9.75392094382278,0
"t37",77.0310048893921,0
"t40",122.051728501798,0
"t31",215.256104894941,0
"t18",25.1162119373776,0
"t99",23.7537641387344,0
"t84",1.44022008937873,0
"t62",294.624071163189,0
"t92",294.27164963173,0
"t94",44.2624471882282,0
"t57",101.761689675887,0
"t83",19.3670411705684,0
"t69",77.8265760708005,0
"t100",91.9986241760384,0
"t50",41.4290296323238,0
"t87",14.4034412341898,0
"t72",134.249330543299,0
"t76",115.918583038058,0
"t46",62.9633182316638,0
"t22",78.1455028211817,0
"t71",53.891483577218,0
"t7",214.767749949262,0
"t74",198.449925640135,0
"t56",8.44107035419029,0
"t93",72.4085580374781,0
"t90",802.90568370629,0
"t95",277.695389910212,0
"t36",95.9238213555514,0
"t97",90.0329300305339,0
"t26",92.2896347000365,0
"t17",217.686045006128,0
"t11",172.801141519928,0
"t39",104.226544299453,0
"t23",8.19270535041096,0
"t52",100.43146258788,0
"t43",216.333183015539,0
"id","length","latency"
"t34",214.841976433026,0
"t100",432.919984805923,0
"t55",107.533533032286,0
"t70",15.8872450332457,0
"t93",50.7281385691557,0
"t11",25.0977685168684,0
"t1",221.889081405717,0
"t8",0.289044228463126,0
"t69",160.558658140037,0
"t31",47.6945066060271,0
"t51",167.706497902376,0
"t47",42.7065912696639,0
"t6",134.992835005421,0
"t30",20.9217031206942,0
"t36",69.6712784789891,0
"t33",186.725641722819,0
"t3",26.5235149170687,0
"t59",90.0438046528307,0
"t98",12.5599925304921,0
"t41",5.09686869274515,0
"t77",176.361456452913,0
"t53",146.056448649247,0
"t2",117.591252743907,0
"t97",169.913829036499,0
"t39",202.421965708163,0
"t62",241.177378073588,0
"t15",270.554035555203,0
"t49",17.184237276665,0
"t5",255.716634818479,0
"t92",31.3734012732241,0
"t75",410.009807797054,0
"t61",8.71482996331338,0
"t25",325.1398530723,0
"t13",96.9410088624807,0
"t84",176.215942941169,0
"t9",89.1835745726373,0
"t85",20.947847919711,0
"t78",25.8786201176044,0
"t42",153.177822451857,0
"t54",462.242097507821,0
"t57",10.20563532812,0
"t76",101.113393474277,0
"t66",102.921282947179,0
"t22",130.274948246039,0
"t23",39.587328221322,0
"t79",147.888557478445,0
"t87",48.6075882034579,0
"t26",79.9905943919239,0
"t10",92.5141472357768,0
"t37",255.066933053337,0
"id","length","latency"
"t75",191.040633982127,0
"t26",182.272572879956,0
"t87",14.4961249599746,0
"t49",273.981538155458,0
"t63",223.170023394448,0
"t7",168.858595183291,0
"t88",21.4793407061893,0
"t24",392.163159207579,0
"t23",401.451223694996,0
"t1",175.795825612361,0
"t43",86.9544427454246,0
"t58",273.593774878059,0
"t96",17.0275048640244,0
"t41",11.2645101607384,0
"t38",111.471839209008,0
"t30",185.741367068256,0
"t16",139.29059430593,0
"t22",116.408630431155,0
"t66",81.2151114055937,0
"t13",186.753807065732,0
"t9",38.946443308585,0
"t15",69.5761892134665,0
"t54",292.616689324679,0
"t98",386.577044099804,0
"t95",17.6434032775337,0
"t94",10.9458122581491,0
"t71",129.653574504978,0
"t36",202.475565648665,0
"t40",15.7175332059082,0
"t48",19.349692574729,0
"t61",34.9611303710967,0
"t46",30.2687021692773,0
"t76",80.3768468968465,0
"t60",162.056553943378,0
"t78",49.833544711742,0
"t90",104.450129278212,0
"t70",274.760099951166,0
"t25",134.3005917679,0
"t11",350.421696604812,0
"t74",161.528471543399,0
"t39",101.003650859026,0
"t8",417.707167790275,0
"t69",327.330968461363,0
"t93",338.908699986898,0
"t92",221.763591835689,0
"t57",124.951627150305,0
"t67",53.4557401704778,0
"t55",267.869384824389,0
"t50",61.0910445287286,0
"t14",232.104313854731,0
"id","length","latency"
"t43",3.11588042534211,0
"t79",28.5778198565978,0
"t41",272.801228928761,0
"t78",35.7912052651737,0
"t69",147.650793210613,0
"t28",64.0884461837586,0
"t21",61.6660396500332,0
"t86",27.7590181117371,0
"t100",10.8430057478902,0
"t27",21.1003480437211,0
"t40",88.8186832014851,0
"t33",41.4641461408712,0
"t52",53.0721575291077,0
"t22",61.7810764364831,0
"t20",231.00601276061,0
"t99",43.4361887016178,0
"t81",199.310192714856,0
"t80",5.82541167431509,0
"t29",412.431956818722,0
"t6",35.743086618746,0
"t57",124.996788452495,0
"t50",125.696420582872,0
"t91",68.325206749663,0
"t74",401.186460741714,0
"t5",86.3391150734174,0
"t18",34.250845865291,0
"t67",9.53815213784355,0
"t56",141.276482622853,0
"t23",181.502870567722,0
"t34",410.027318166251,0
"t2",180.371237970572,0
"t15",45.9944342674053,0
"t9",107.546084574787,0
"t26",191.662567653412,0
"t38",75.1955319290046,0
"t75",594.689562115591,0
"t19",108.343534245492,0
"t98",141.321902424836,0
"t37",98.4024902072301,0
"t72",157.74145916966,0
"t11",137.684492612627,0
"t71",203.130150674311,0
"t36",43.8423721328199,0
"t95",389.450491073612,0
"t85",189.654397068453,0
"t30",377.194610997758,0
"t1",94.8014910337406,0
"t3",67.2989686586725,0
"t16",156.137432897515,0
"t14",235.432471548526,0
